"","ea","mi","english","work"
"2",4,2000,3,1
"3",2,0,2,8
"5",10,2000,2,1
"8",11,5000,4,1
"9",4,900,3.5,1
"11",10,3000,4,1
"17",10,600,2.5,1
"18",11,4900,4,1
"19",11,3500,3,1
"21",4,0,4,7
"23",10,1200,4,1
"26",7,1600,2.5,1
"31",9,4000,4,1
"33",9,1400,2.5,1
"34",9,1800,2,1
"36",6,2000,4,1
"37",9,1500,3,1
"38",8,600,4,2
"39",9,1000,3,1
"46",5,700,4,1
"47",12,12000,4,1
"49",4,0,1.5,8
"50",10,1700,3.25,1
"52",7,1000,3,1
"53",12,0,4,7
"61",10,10000,4,1
"62",4,2000,4,1
"66",4,1000,4,1
"67",10,5000,4,1
"68",3,0,2,8
"69",9,3000,4,1
"70",4,0,2,3
"72",4,4000,3,1
"73",9,0,4,8
"74",9,3400,4,1
"75",6,0,4,7
"78",8,1500,2,1
"79",2,800,1,1
"80",1,0,2,4
"81",2,1400,2,2
"82",4,1226,2,2
"86",7,0,2,7
"95",5,0,1,8
"96",2,1700,2.25,2
"98",3,1000,3,1
"99",10,1400,4,1
"100",4,1600,4,1
"101",11,2000,4,1
"103",3,0,2.5,8
"106",3,500,1.5,1
"107",11,3000,4,1
"108",1,0,1.5,8
"109",9,4000,4,1
"111",10,3500,3.5,2
"112",2,1200,2,2
"115",12,7250,4,1
"116",9,2500,3,1
"119",4,800,4,1
"124",3,0,4,3
"125",10,2000,4,1
"132",6,0,1.75,8
"139",9,2000,4,1
"141",4,1200,3,1
"143",9,0,1.75,3
"148",7,800,3,1
"150",9,4500,4,1
"152",11,12000,4,1
"153",4,0,3.25,9
"154",7,1300,3.5,1
"155",2,0,3.5,8
"157",10,300,3.25,1
"159",4,1100,3,1
"161",8,1200,2.75,1
"162",3,700,4,1
"163",4,1400,4,1
"167",8,0,4,8
"169",4,0,2,8
"172",7,1500,1.5,1
"173",2,0,2,3
"174",10,2000,2.75,1
"176",9,1200,2,1
"181",3,720,2,2
"182",2,0,2.25,8
"183",2,2400,2.75,1
"184",8,0,4,8
"193",3,700,2,1
"195",2,400,1.5,2
"197",10,0,3,3
"199",3,850,4,1
"202",5,2000,3,1
"203",4,2800,4,1
"205",10,4000,3,1
"206",10,4000,3.75,1
"207",1,0,1,4
"210",10,10000,4,1
"212",11,10000,4,2
"214",10,11000,4,1
"215",10,1400,4,1
"216",10,20000,4,1
"217",5,0,3,8
"222",2,500,1.5,1
"223",4,1200,4,1
"224",7,900,4,1
"229",2,0,1,7
"234",6,384,4,2
"237",4,400,4,2
"238",6,1200,3,1
"241",2,0,4,3
"242",3,2000,2.75,1
"245",10,0,3,3
"246",9,2047,4,1
"250",7,3500,4,1
"251",5,0,3,3
"255",3,600,2.25,2
"258",10,0,4,6
"259",8,3000,3,1
"261",2,0,2,3
"262",2,1200,3,1
"263",2,700,2,1
"265",2,0,2.25,8
"266",6,1200,3,2
"267",6,1000,4,1
"269",3,0,2,6
"275",2,2000,3.25,1
"276",7,1200,2.5,1
"280",2,900,2.25,1
"283",10,2700,4,1
"285",10,2000,3,1
"287",11,8250,4,1
"288",10,2500,3,1
"292",10,1200,2.25,1
"294",4,0,1.5,3
"296",3,900,2.75,1
"299",4,1200,4,1
"305",6,1800,2,1
"307",10,1000,4,2
"308",9,0,3,3
"311",2,1550,2,2
"315",3,800,2,2
"316",4,2600,3,1
"318",3,1800,4,1
"321",6,0,2.75,8
"327",3,500,1.75,2
"329",5,400,1.25,2
"331",5,2800,4,1
"334",3,760,1.75,1
"342",9,2000,4,1
"343",4,0,2.75,8
"349",4,0,1.25,8
"351",2,200,1.5,2
"352",5,0,3,8
"355",6,1000,2,1
"357",4,800,2,2
"358",9,750,2.5,2
"360",10,2300,4,1
"371",6,2000,4,1
"372",8,0,3.75,8
"373",9,2000,2.5,1
"374",7,520,1.75,2
"375",4,2015,4,1
"377",2,0,1.5,8
"378",4,0,2,4
"379",2,1590,3,2
"380",1,0,2,4
"381",2,0,1.5,4
"382",9,3000,4,1
"383",2,300,1.25,1
"384",3,800,2.5,1
"385",2,0,2,4
"389",4,1000,4,1
"390",4,1124,3.75,1
"391",3,0,1.5,8
"395",11,5000,4,1
"396",4,1200,4,1
"398",6,0,4,3
"403",8,2300,4,1
"407",4,4500,4,1
"408",3,1000,4,1
"409",4,600,4,1
"412",7,0,4,7
"413",7,2000,4,1
"415",5,2000,2,1
"419",3,850,4,2
"421",8,2000,4,1
"424",9,1000,4,1
"429",7,850,2.25,1
"431",9,1400,4,1
"438",3,800,2.5,1
"441",3,684,2,1
"443",10,1000,3,1
"444",4,650,3,1
"447",2,0,2.25,3
"448",3,600,2.5,1
"451",9,1600,4,1
"452",10,1800,4,1
"453",4,0,4,3
"455",10,3800,4,1
"458",3,1200,4,1
"459",9,2000,4,1
"460",4,1600,4,1
"461",9,2000,4,1
"463",9,0,2.5,7
"464",6,2800,4,1
"468",3,650,1.5,2
"469",9,3000,4,1
"470",8,0,4,9
"471",4,0,4,8
"472",1,0,2,4
"473",4,1500,3,2
"475",2,3500,1.75,1
"478",9,1700,2,1
"479",10,0,4,3
"480",7,0,4,7
"481",10,1000,4,1
"482",12,2000,2,1
"483",1,0,2,8
"484",9,2300,4,1
"488",10,3500,4,1
"492",10,2300,4,1
"494",2,0,2,4
"496",10,4000,4,1
"498",11,1300,4,1
"501",4,0,1,7
"502",5,1600,3,1
"504",8,1200,4,1
"505",4,0,4,8
"507",4,600,1.25,2
"508",3,880,2.5,1
"510",11,2500,3,1
"513",4,0,2,3
"515",5,1500,4,1
"517",4,0,4,6
"519",9,4500,4,1
"520",10,0,4,5
"521",2,0,1.5,7
"523",10,750,2.75,1
"524",6,0,3,8
"526",2,0,3,8
"528",7,1200,2,1
"529",7,1500,1.5,1
"530",10,0,4,3
"536",10,2092,4,1
"538",8,0,4,8
"539",4,4000,3.5,1
"540",4,0,4,4
"544",4,600,2,1
"550",12,3200,4,1
"551",4,0,4,8
"552",10,4000,4,1
"553",4,0,2,8
"554",9,1350,4,1
"555",8,4800,4,1
"556",2,2000,3,1
"558",3,1200,3.5,1
"560",10,3000,4,1
"564",10,0,4,3
"566",2,470,3.25,2
"568",2,600,2,2
"569",2,0,1,7
"573",5,0,4,8
"575",2,0,2,3
"578",7,2000,3,1
"579",3,3000,2.5,1
"580",2,1100,1.75,1
"586",1,0,1,4
"587",11,3800,3,1
"589",7,2200,4,1
"590",2,1500,2.25,1
"591",4,720,1.75,1
"598",6,1000,4,1
"601",9,0,2.25,8
"602",2,0,3.75,7
"605",9,0,3,8
"607",9,2500,3,1
"612",9,0,4,6
"613",7,1400,2.5,1
"615",10,2000,3,1
"616",2,0,1.25,8
"618",3,700,1.75,2
"624",10,4600,4,1
"626",9,900,3,1
"627",12,6000,4,1
"628",10,0,2,6
"631",2,850,1,2
"632",3,2500,4,1
"634",10,0,4,8
"636",4,800,2.5,1
"637",4,2200,3,1
"638",10,0,3,8
"639",7,2400,4,1
"640",10,2000,3,1
"642",3,0,1.75,9
"643",6,3500,3,1
"647",7,500,1.5,1
"648",5,300,1.75,1
"651",10,2094,4,1
"652",9,1200,3.25,2
"653",7,0,3.5,8
"659",3,800,1.5,1
"660",7,1300,3,2
"664",3,0,2.25,8
"667",10,2000,2,1
"668",11,1200,3,1
"669",8,3000,4,1
"674",7,1800,4,1
"675",4,0,3.25,8
"676",10,2200,4,1
"679",2,1200,2.5,1
"680",3,800,2.75,1
"681",4,0,2.25,4
"682",2,900,2,1
"686",4,0,1.75,3
"689",9,1100,4,1
"693",6,500,4,1
"697",10,2200,4,1
"699",10,2600,3,1
"700",9,1600,4,1
"701",2,1200,1.75,1
"702",6,0,4,6
"703",10,2000,4,1
"705",7,400,4,2
"707",7,2600,3,1
"712",5,3500,2,1
"715",2,0,1,7
"719",3,800,2,2
"720",4,800,3,1
"721",9,2000,3,1
"722",9,0,3,6
"724",9,2500,4,1
"728",9,3200,3,1
"729",9,3600,4,1
"731",10,2200,4,1
"733",9,1178,3.75,2
"734",10,3000,4,1
"735",10,1000,4,1
"738",8,4000,3,1
"741",6,2000,3,1
"742",2,0,2,4
"743",9,0,4,5
"746",2,350,2,2
"749",5,2400,2.75,1
"754",3,0,2,7
"755",8,0,2,8
"756",2,0,2.25,8
"757",2,800,3,1
"760",9,900,4,2
"763",4,0,4,3
"764",12,7000,4,1
"767",4,0,1.75,8
"770",2,0,2.25,8
"771",2,800,2,2
"774",2,1000,2,1
"776",2,880,2.5,1
"778",3,800,2.5,1
"781",2,880,2,1
"783",2,0,2,3
"784",3,2000,2.75,1
"786",2,1600,2.25,1
"787",2,0,1.25,7
"789",2,1800,1.25,1
"790",2,0,2,7
"791",2,900,1.75,1
"792",3,0,3.5,8
"795",7,2300,2,1
"796",2,0,1.75,8
"799",5,2000,4,1
"802",2,900,4,1
"803",4,1000,3.75,2
"804",2,0,2.25,8
"807",4,0,4,4
"809",9,6000,4,1
"810",10,3100,3.25,1
"811",8,5000,3,1
"812",3,4000,2.75,2
"818",2,1000,2,1
"819",2,0,1.25,8
"821",3,0,2,3
"822",9,5000,3,1
"823",11,3000,3,1
"826",10,5500,3,1
"827",2,400,3,2
"830",6,1600,2.5,1
"831",2,800,1.5,1
"833",3,1400,2.75,1
"835",3,0,1.5,8
"841",2,1100,2,1
"844",9,2700,4,1
"845",3,500,2.25,1
"846",2,200,2.25,2
"847",2,1200,1.75,1
"848",10,3000,4,1
"849",9,1000,3,1
"852",5,800,2,1
"853",5,350,2.75,2
"854",2,0,1.5,8
"856",4,0,2.5,8
"859",7,620,2.5,1
"862",11,7500,4,1
"864",8,2500,3,1
"865",7,2000,4,1
"866",10,5000,4,1
"868",10,3000,3,1
"869",9,0,3,6
"870",10,2200,2.5,1
"874",4,2000,2,1
"878",7,830,2.75,1
"879",7,3000,4,1
"880",10,2000,3.75,1
"881",2,0,3,3
"884",2,0,1,8
"886",4,800,2.75,1
"893",7,0,1,8
"900",4,700,3,1
"903",8,1000,1.75,1
"906",4,560,2.5,1
"912",6,1400,3,1
"914",7,400,2,1
"915",8,2000,4,1
"916",9,0,3.5,3
"920",4,800,2,1
"924",12,2500,2.25,1
"925",4,900,2,1
"926",10,1800,4,1
"927",2,0,1,8
"928",4,5000,4,1
"929",8,2800,4,1
"930",10,5500,4,1
"931",4,0,3,8
"932",2,1200,2.5,1
"933",8,2400,4,1
"935",2,1200,1.5,2
"937",4,0,2.5,8
"938",7,800,3,2
"939",5,850,3,2
"940",9,2500,3.25,1
"941",4,0,2,8
"943",2,1200,2.5,1
"947",4,800,2,1
"952",2,530,1.5,2
"954",2,0,2,3
"956",2,1400,1.75,1
"957",2,590,2.75,2
"958",7,2400,3.25,1
"959",2,0,2,7
"962",2,0,3.25,6
"965",3,0,1,8
"967",3,1400,4,1
"970",3,0,1.75,3
"971",3,0,2.5,8
"972",2,0,3,8
"973",1,0,1.25,8
"974",4,0,4,8
"980",4,1000,2.75,1
"981",7,2500,3,1
"985",2,700,2,1
"989",4,800,3,1
"993",7,0,2.5,8
"995",4,1200,3,1
"1000",7,1000,3,2
"1002",2,0,1,8
"1005",10,4000,3,1
"1007",2,300,2.25,2
"1010",9,2700,4,1
"1011",9,6000,4,1
"1013",7,1500,3,1
"1014",10,750,3.25,1
"1018",2,1800,2.5,1
"1019",9,400,2.5,2
"1021",4,1200,4,1
"1025",2,0,2,4
"1026",7,2000,3,1
"1030",5,400,2,2
"1035",9,600,3,2
"1036",10,800,3,1
"1037",8,1000,3,1
"1039",7,2500,4,1
"1044",10,1000,3,1
"1045",4,1500,3,1
"1046",4,2700,3.25,1
"1049",7,0,2,3
"1051",7,2600,3,1
"1057",7,600,2.25,1
"1058",9,3780,4,1
"1059",7,3250,3,1
"1062",10,2000,3,1
"1063",7,1000,4,2
"1067",3,0,2,8
"1068",2,600,1.5,2
"1070",6,1200,2.5,1
"1071",11,2000,4,1
"1072",10,2500,4,1
"1073",5,2000,3,1
"1075",4,0,2,7
"1078",6,0,2,8
"1079",4,800,4,1
"1080",4,0,4,8
"1087",2,1800,1,1
"1091",9,3000,4,1
"1092",4,1400,4,1
"1094",10,1300,4,1
"1095",2,2000,3,1
"1097",10,1000,3,1
"1099",10,1500,3.75,1
"1102",7,1200,4,1
"1105",3,0,2.25,8
"1108",9,565,4,1
"1110",1,0,1.5,7
"1113",6,1000,2.5,1
"1114",10,1200,4,1
"1115",9,750,3.5,1
"1121",9,0,2.5,8
"1122",4,1150,2,1
"1125",10,0,3.75,7
"1127",3,1200,2,1
"1130",2,0,2,7
"1131",2,1000,2.5,1
"1133",2,1600,2.5,1
"1135",2,300,1.25,2
"1136",4,3200,4,1
"1137",2,0,1.5,4
"1138",2,0,1.5,4
"1143",7,2000,1.75,1
"1144",4,2000,3,1
"1145",11,0,3,6
"1146",3,0,2.75,3
"1147",2,0,2,7
"1150",9,1400,3,1
"1151",2,0,1,7
"1154",10,1200,2.75,1
"1156",3,0,2.5,8
"1158",2,0,1,7
"1160",2,0,1.25,3
"1162",4,2000,2,1
"1163",2,0,1,8
"1170",10,1400,3,1
"1172",4,1600,3,1
"1173",10,5000,4,1
"1176",10,3000,4,1
"1179",4,500,2,2
"1180",4,2800,3,1
"1183",4,0,2.75,3
"1184",4,900,3,1
"1189",5,600,2,2
"1191",10,1000,3,1
"1193",4,2000,4,1
"1194",4,2500,2.5,1
"1196",10,4000,3.75,2
"1198",10,3800,2.5,1
"1201",7,2800,4,1
"1202",9,6000,4,1
"1205",5,1500,3,1
"1210",4,1200,4,1
"1211",10,3000,4,1
"1212",11,8000,4,1
"1215",10,2800,4,1
"1217",9,2000,4,1
"1219",10,3500,4,1
"1220",10,2710,4,1
"1221",9,1500,3.5,1
"1222",9,4500,4,1
"1223",10,1400,4,1
"1224",3,0,3.75,8
"1225",10,5000,4,1
"1227",10,0,4,7
"1228",3,1200,3,1
"1230",9,0,4,5
"1231",9,6000,4,1
"1232",4,0,2.75,3
"1235",9,361,2.75,2
"1237",7,1200,2.75,1
"1240",2,0,1.75,8
"1241",2,0,1,8
"1242",7,0,2.5,4
"1243",7,0,4,8
"1245",7,1100,4,1
"1246",5,3000,4,1
"1248",7,2000,3,2
"1249",2,200,2.25,2
"1250",5,1500,2.75,1
"1252",7,1200,2.5,2
"1253",4,0,3.75,4
"1254",2,560,2.75,2
"1255",9,0,4,8
"1258",2,0,1.5,8
"1259",2,0,1.75,8
"1261",2,0,1,4
"1262",2,650,2,2
"1263",2,2000,2,1
"1267",2,2300,1,1
"1268",2,2000,1.25,2
"1269",2,1000,2.5,1
"1272",2,425,2.75,2
"1273",5,400,4,2
"1275",3,1600,2,1
"1276",3,560,3.75,2
"1277",2,500,1.25,2
"1278",2,2000,2.75,1
"1280",2,400,3,2
"1281",7,0,4,3
"1284",3,1100,2.75,2
"1285",2,0,2,8
"1287",2,2000,2.75,2
"1289",2,0,2,8
"1290",3,1400,2.75,1
"1293",5,1500,2.25,2
"1294",4,1600,3.75,1
"1295",2,1200,3,1
"1297",2,1200,2.5,1
"1299",4,2250,1.5,1
"1300",4,0,2,8
"1307",6,1900,3,1
"1309",9,16000,2.25,1
"1315",8,239,2.25,1
"1316",10,1400,3.25,1
"1323",9,0,3,8
"1325",2,0,2,7
"1326",4,0,3,4
"1328",10,0,3.5,3
"1331",10,1500,3.5,1
"1340",11,4000,4,1
"1344",8,1200,4,1
"1345",2,0,1,8
"1348",4,3400,4,1
"1349",6,5000,4,1
"1353",9,4500,4,1
"1354",9,1000,2.25,1
"1355",7,1600,4,1
"1356",9,0,1.75,4
"1360",2,600,1.25,2
"1362",10,3500,3.75,1
"1363",9,0,3,8
"1366",8,1500,4,1
"1367",4,2000,2.25,1
"1369",4,900,2,1
"1370",10,3000,4,1
"1371",10,0,4,8
"1373",11,4000,4,1
"1376",7,3000,3,1
"1377",9,1800,2,1
"1378",6,1200,2,1
"1380",3,1200,4,1
"1381",8,0,2,9
"1382",10,3500,3,1
"1383",7,1000,4,1
"1388",9,1200,3,1
"1390",3,500,1.25,2
"1391",7,800,2.5,1
"1393",9,1600,2.75,1
"1394",4,0,1.75,8
"1398",4,4000,4,1
"1400",10,2000,4,1
"1402",4,2000,2.75,1
"1403",4,2500,3.75,1
"1405",9,1000,2,1
"1410",10,1200,2.5,1
"1413",9,4000,4,1
"1416",3,880,2.5,1
"1417",2,0,1.5,4
"1426",4,700,4,2
"1428",7,800,3,1
"1429",2,680,1.75,1
"1431",8,1600,3,1
"1434",7,1200,2,1
"1436",11,1800,3.25,2
"1439",10,3800,2.75,1
"1442",10,0,3,3
"1443",4,1000,1,2
"1444",5,1000,3,1
"1446",7,1000,3,1
"1448",9,1200,4,1
"1451",12,6500,4,1
"1453",10,1200,3.5,1
"1461",4,2800,3,2
"1463",4,1500,3,1
"1464",2,900,1.75,1
"1469",12,4300,3,1
"1472",2,1300,2.5,1
"1473",5,3000,3,1
"1475",2,0,1,8
"1477",2,350,1.25,1
"1481",4,1800,2.75,1
"1482",4,800,1.75,1
"1486",11,2000,3,1
"1489",11,2500,4,1
"1491",3,900,1.75,1
"1492",3,0,2,7
"1493",7,640,3,1
"1494",6,1000,4,1
"1495",10,1900,3,1
"1497",10,2800,4,1
"1499",4,1000,2,2
"1500",3,700,2.75,1
"1501",9,3000,3,1
"1502",4,1600,2.25,1
"1506",4,1500,2.5,1
"1507",4,1100,3,1
"1511",3,800,1.25,1
"1512",5,2000,3,2
"1515",4,1300,2.75,2
"1521",4,3000,2.5,1
"1526",10,3300,3.5,1
"1531",8,3000,3,1
"1532",9,1100,2.5,1
"1533",4,1000,2,1
"1536",8,1200,2,1
"1537",4,1800,4,1
"1539",4,0,1,3
"1540",10,0,3,6
"1544",2,2800,1.5,1
"1545",7,0,1.5,4
"1546",9,1600,2.75,1
"1547",3,0,1.25,8
"1548",11,6000,4,1
"1549",3,0,2,4
"1551",5,4000,3,1
"1552",10,3500,3,1
"1553",9,800,2,1
"1556",9,1700,4,1
"1558",8,2000,2.5,1
"1560",6,400,2.5,2
"1563",5,2000,3,1
"1565",2,0,2.25,8
"1567",6,900,1.75,1
"1568",12,20000,4,1
"1570",4,750,3,1
"1571",4,500,3,2
"1575",9,0,2.5,8
"1576",5,400,1.75,2
"1577",10,2500,2.75,2
"1578",10,0,3,8
"1580",3,800,2.5,1
"1581",6,300,3,2
"1587",4,1600,3,1
"1590",9,0,4,6
"1595",4,800,3,1
"1596",10,1600,4,1
"1599",10,1260,3,1
"1601",9,3300,4,1
"1605",10,3250,4,1
"1608",3,0,4,3
"1620",10,2500,4,1
"1623",9,3000,3,1
"1627",2,0,1,7
"1629",5,0,3,3
"1630",8,1200,4,1
"1631",10,2000,4,1
"1632",6,3000,3,1
"1634",2,1300,1.5,2
"1635",4,0,2,4
"1636",1,0,1,7
"1637",9,0,3.5,8
"1638",9,3700,4,1
"1639",10,4500,4,1
"1641",4,2500,4,1
"1642",4,400,4,2
"1643",2,800,2,1
"1644",2,0,2,8
"1645",2,1300,2.25,2
"1648",2,1600,3,1
"1649",4,2500,3,1
"1650",10,2100,3.75,1
"1652",9,3500,3,1
"1654",3,0,2,8
"1655",8,4500,3,1
"1656",7,0,2.75,7
"1658",4,6500,3,1
"1659",10,4200,3,1
"1660",7,5800,3,1
"1661",3,6000,3,1
"1662",4,1600,2.75,1
"1663",3,0,2,7
"1664",3,0,1.25,6
"1666",3,4000,3,1
"1667",3,0,2,7
"1668",8,0,1.5,3
"1670",2,1200,2,1
"1671",3,2000,3,1
"1672",3,1100,2.5,2
"1673",3,1000,2.75,1
"1674",4,7000,3,1
"1675",4,1500,2.75,1
"1676",2,0,3,4
"1677",6,0,3,3
"1678",9,2400,3,1
"1679",8,3500,3,1
"1680",9,3500,3,1
"1681",4,1000,3,1
"1682",2,1200,2,1
"1683",2,0,1.5,6
"1685",9,5500,3.5,1
"1686",10,0,3,8
"1687",4,2100,3,1
"1690",3,3000,3,1
"1692",2,1300,2,2
"1693",2,0,1,8
"1694",2,1700,1.5,2
"1695",2,0,1,8
"1696",6,0,2.5,7
"1697",2,0,2,7
"1698",2,0,2,8
"1699",2,270,2,2
"1700",2,0,1.5,8
"1701",9,0,2.5,7
"1702",10,0,3,8
"1703",4,3000,2.5,1
"1704",7,0,2.75,7
"1706",2,0,1,8
"1707",3,0,3,3
"1708",4,3000,3,1
"1709",3,0,2.5,8
"1710",10,4500,3,2
"1711",2,0,1.5,7
"1712",7,2500,3,1
"1713",2,0,1.75,4
"1714",2,0,2,6
"1715",2,0,2.75,7
"1717",2,0,2.75,8
"1718",3,2000,2,1
"1719",4,0,2.5,3
"1720",4,4000,3,1
"1721",2,0,1.5,8
"1722",2,0,1.5,7
"1723",3,0,3,8
"1724",2,0,2.75,7
"1725",3,3000,2.5,1
"1726",10,5000,4,1
"1727",2,0,1.5,7
"1728",4,0,2,7
"1729",4,0,2,4
"1730",9,3000,3,1
"1731",2,1200,1.5,2
"1732",4,3200,3,1
"1734",3,4000,3,1
"1735",4,0,2,3
"1736",10,7000,3.75,1
"1737",9,0,3,8
"1738",3,0,2,7
"1739",2,0,1.5,8
"1740",3,2500,2,1
"1741",4,3800,3,1
"1742",2,0,1.5,7
"1743",9,6300,4,1
"1745",8,2500,3.25,1
"1746",2,0,1.5,7
"1747",2,1000,2,1
"1749",2,4500,2.5,1
"1751",4,1100,2.75,2
"1752",11,950,3,1
"1753",2,0,2,3
"1754",2,0,1,6
"1755",4,7000,3,1
"1756",3,0,2,3
"1759",3,300,2,2
"1761",10,3800,3,1
"1762",2,1300,2,2
"1763",4,1500,2,1
"1764",8,2000,2.5,1
"1765",2,0,1.75,8
"1766",3,0,2,8
"1768",2,700,2,2
"1771",2,1500,2.75,1
"1772",4,0,3,7
"1773",3,300,2,2
"1774",4,4000,2,1
"1775",2,0,2,8
"1776",9,4000,4,1
"1778",2,1100,2.75,1
"1779",4,1700,2.5,2
"1780",3,200,2,2
"1781",3,0,3,8
"1782",9,9000,3,1
"1783",2,0,2,7
"1784",6,5000,3,1
"1788",11,7000,1.5,1
"1790",10,6000,4,1
"1791",9,0,4,8
"1792",11,6250,4,1
"1797",10,5000,4,1
"1798",2,0,1,7
"1799",2,0,1,7
"1800",2,0,1,7
"1801",2,0,2.25,8
"1802",9,3700,4,1
"1804",9,3000,4,1
"1805",10,1000,3,1
"1806",2,0,3.5,3
"1807",10,1100,3.5,1
"1808",10,2370,4,1
"1810",10,4500,3.75,1
"1811",10,1973,4,1
"1812",10,2500,3.75,1
"1817",10,2000,3.5,1
"1818",10,3000,3.75,1
"1819",10,2560,4,1
"1820",10,1820,4,1
"1826",4,1200,3,2
"1829",10,1000,3,1
"1831",10,0,3,8
"1834",7,1800,3.75,1
"1837",10,2500,3,1
"1839",9,3500,4,1
"1846",6,0,4,6
"1849",10,7500,4,1
"1850",10,5000,4,1
"1857",9,0,4,6
"1858",10,1000,3.5,1
"1859",10,4300,3.75,1
"1861",4,3000,3,1
"1862",10,3000,4,1
"1865",4,1666,3,1
"1866",9,4500,4,1
"1867",4,0,3,3
"1869",9,1300,3,1
"1871",9,1500,3,2
"1875",10,3417,4,1
"1877",8,2500,4,1
"1887",9,0,4,6
"1889",10,3000,4,1
"1893",9,3000,4,1
"1894",4,1200,3,1
"1895",4,1600,4,1
"1896",10,5000,4,1
"1900",10,0,3,3
"1902",9,3700,4,1
"1904",10,3000,3,2
"1909",4,300,3,2
"1910",10,2000,4,1
"1911",9,2800,4,1
"1913",11,950,3.75,1
"1915",9,1900,4,1
"1917",9,1800,4,1
"1922",10,1100,4,2
"1923",9,0,3,3
"1924",9,3500,4,1
"1926",10,3200,4,1
"1929",8,1400,3,1
"1930",10,2500,4,1
"1934",10,1500,4,1
"1935",4,1200,3,1
"1940",4,0,2,4
"1943",9,600,3,1
"1946",10,3600,4,1
"1947",10,2000,3,1
"1950",9,1700,3,2
"1951",9,4000,3,1
"1952",10,3900,3.25,1
"1953",9,0,4,6
"1954",9,1000,3,1
"1955",10,2700,4,1
"1956",10,4000,4,1
"1957",11,1800,4,1
"1958",9,3200,4,2
"1959",10,0,3.75,4
"1963",10,1500,3,1
"1965",7,600,2.5,2
"1966",10,2400,3.5,1
"1967",4,0,4,3
"1970",8,2029,3,1
"1975",8,0,4,8
"1977",9,2000,4,1
"1979",10,3000,2.75,1
"1980",9,500,4,2
"1982",9,2300,4,1
"1983",10,0,3.75,4
"1984",2,0,1.5,8
"1985",10,2500,3,1
"1988",5,900,4,1
"1989",10,2100,4,1
"1990",12,10000,4,1
"1992",4,0,4,3
"1996",10,2400,4,1
"2000",4,0,1.25,8
"2002",4,1000,3,2
"2003",8,5000,4,1
"2005",4,1000,2,2
"2009",10,3500,4,1
"2010",3,0,3,6
"2011",4,1200,2,1
"2012",9,1200,3,1
"2017",2,0,1,6
"2022",9,3000,4,1
"2024",10,4000,3.5,1
"2025",9,0,2,8
"2026",11,3000,4,1
"2033",9,0,4,8
"2034",9,2200,4,1
"2035",4,2000,2.75,1
"2036",9,0,4,8
"2038",7,0,4,3
"2041",12,20000,4,1
"2042",9,1000,2,1
"2044",12,1500,3,1
"2045",4,2000,3.25,1
"2048",9,3500,3,1
"2049",4,0,1,6
"2055",4,0,4,3
"2057",2,0,1,3
"2059",4,0,2,3
"2060",2,1600,1.75,1
"2062",6,0,2,8
"2069",8,2800,4,1
"2073",9,0,3,3
"2077",11,1400,3,1
"2079",4,2000,4,2
"2082",7,2500,2,1
"2084",4,1800,4,1
"2087",3,450,2.25,2
"2092",9,1300,3,1
"2096",11,1500,3,1
"2097",4,0,2.5,8
"2099",10,10000,4,1
"2101",6,850,2.75,1
"2102",7,600,2,1
"2105",7,0,3,8
"2107",5,1500,4,1
"2108",3,5000,1.75,1
"2109",12,3000,3,1
"2113",10,0,2.25,3
"2115",8,0,2,8
"2116",9,3500,3,1
"2119",2,0,2,8
"2123",10,800,2.75,1
"2126",5,900,3,1
"2127",7,1200,1.75,1
"2129",9,2500,3.75,1
"2130",3,0,2.5,8
"2131",4,3500,3,1
"2132",3,1700,3,1
"2133",8,1500,3.75,1
"2135",5,0,4,8
"2138",3,1200,2,1
"2139",7,1000,3,1
"2140",10,520,2.25,1
"2141",3,1000,2.25,1
"2142",4,1000,2.75,1
"2145",8,2500,4,1
"2146",5,1000,2.75,1
"2147",8,5000,3,1
"2149",10,0,4,6
"2151",4,1800,2.5,1
"2153",2,0,2.25,8
"2155",9,0,3.75,6
"2156",2,400,1.75,2
"2158",12,4583,4,1
"2159",8,1800,4,1
"2160",2,800,2,1
"2161",4,1600,2.5,1
"2162",10,4000,3.75,1
"2163",10,2500,4,1
"2167",10,2000,2.5,1
"2173",9,0,3,7
"2175",10,2000,3,1
"2177",3,700,2.25,1
"2178",7,2000,3,1
"2179",8,2800,4,1
"2180",9,2500,3,1
"2182",9,2600,3,1
"2185",4,0,4,8
"2187",10,0,2,8
"2189",3,0,2,8
"2190",11,4000,4,1
"2198",9,2750,4,1
"2200",9,1200,2.5,1
"2207",7,1600,2.25,1
"2209",3,800,1.25,1
"2210",4,2000,3,1
"2213",9,3000,3,1
"2214",10,2000,3,1
"2217",4,0,2.75,9
"2219",9,3000,4,1
"2221",3,0,1.25,8
"2225",6,1250,2.75,1
"2226",6,800,2,1
"2230",4,400,4,2
"2231",4,1500,3,1
"2236",10,4000,3,1
"2237",5,0,3,8
"2243",3,0,2.75,8
"2244",10,2300,3,1
"2245",10,6000,4,1
"2248",2,0,2,6
"2250",9,1200,4,1
"2251",4,2000,4,1
"2252",4,1600,2.25,1
"2254",4,800,2,1
"2259",10,5600,4,1
"2260",4,0,4,4
"2262",9,1600,1.5,1
"2267",11,4400,4,1
"2268",4,900,3.5,1
"2270",5,1000,2,1
"2274",11,8000,4,1
"2275",4,1200,2.5,1
"2276",10,8000,3.75,1
"2277",7,0,3,3
"2278",10,2000,4,1
"2280",8,1800,3,1
"2283",10,1920,4,1
"2286",6,0,3,8
"2287",3,800,2,2
"2288",9,2300,4,1
"2296",5,0,4,6
"2299",6,0,4,8
"2302",4,0,2.75,8
"2304",7,2000,3,2
"2306",4,1200,2,1
"2307",12,5000,4,1
"2312",3,2000,2.25,1
"2316",10,3200,3,1
"2318",10,3000,3,1
"2320",5,800,4,1
"2321",9,1200,3,2
"2324",4,4000,3,1
"2325",8,600,2.25,2
"2326",7,400,2.25,2
"2330",7,150,2,2
"2331",2,800,2,1
"2333",6,1500,4,1
"2337",9,3800,2.25,1
"2339",3,880,2,1
"2340",5,0,3,3
"2344",7,0,1.75,8
"2349",2,0,1.25,8
"2354",10,1500,2.75,1
"2359",3,800,2.75,2
"2360",11,1000,3,1
"2362",6,1000,2,1
"2364",9,0,3,4
"2366",7,1600,4,1
"2368",4,900,2.25,1
"2370",3,0,4,8
"2374",4,2800,3,1
"2378",9,1000,2.5,2
"2380",10,2300,4,1
"2381",10,2000,4,1
"2382",9,3500,4,1
"2383",6,800,3,1
"2384",3,1200,1.75,1
"2387",10,3500,4,1
"2389",3,0,2,8
"2392",10,0,4,3
"2393",2,1300,2,1
"2396",7,0,2.25,8
"2397",4,0,1.75,3
"2399",2,1200,3,1
"2405",9,2200,4,1
"2407",5,0,3,8
"2409",6,1600,4,1
"2412",4,800,3,1
"2414",3,1000,2,1
"2415",11,2000,3,1
"2421",10,0,3,7
"2423",4,2000,4,1
"2426",4,1700,4,1
"2428",6,600,1.75,1
"2429",9,840,2,2
"2431",4,1500,4,1
"2436",3,1600,1,1
"2437",5,0,2.5,4
"2439",4,800,2,1
"2441",4,1200,3.25,1
"2442",7,1800,2,2
"2446",7,2500,2.5,1
"2450",4,0,4,7
"2454",7,800,3,1
"2456",4,1000,3,1
"2459",3,100,3,1
"2460",3,1000,1.25,1
"2466",11,3000,4,1
"2468",10,0,2.75,3
"2471",8,0,3,8
"2472",9,0,4,3
"2479",9,0,3,5
"2482",10,500,3,2
"2487",9,1200,2.75,1
"2488",7,1500,3,1
"2489",9,20000,3,1
"2491",7,2000,3,1
"2493",10,2600,3,1
"2495",7,1600,2.5,1
"2500",4,0,3,8
"2501",9,2916,4,1
"2502",10,2000,2.5,1
"2503",2,1200,2,1
"2504",4,1300,4,1
"2505",3,600,2,1
"2508",8,800,3,1
"2511",12,12,4,1
"2515",10,12000,4,1
"2517",10,0,2.5,9
"2518",9,1200,2.75,1
"2521",9,3000,4,2
"2522",7,1500,3,1
"2527",4,80,1.25,1
"2530",9,2500,3,1
"2531",7,1500,2.75,1
"2532",4,1000,1,1
"2534",11,2000,3,2
"2535",9,2600,3,1
"2536",11,7500,4,1
"2537",10,3000,2,1
"2545",4,0,3,3
"2546",3,1500,1,1
"2547",4,2000,4,1
"2552",4,0,2,8
"2553",6,1000,3,1
"2557",6,1200,4,1
"2559",10,2000,4,1
"2560",7,0,4,7
"2563",9,800,4,2
"2564",11,8500,4,1
"2574",11,12000,4,1
"2575",6,3000,4,1
"2576",2,0,2.25,8
"2582",4,900,2,2
"2588",10,1000,4,2
"2590",10,1000,2.25,1
"2591",4,2000,1.5,1
"2592",6,800,2,1
"2593",4,0,2.5,8
"2594",9,2500,4,1
"2599",5,0,1.5,3
"2600",4,1000,3,1
"2601",9,1500,4,1
"2605",9,5500,3,1
"2606",4,0,2.5,8
"2612",9,5000,4,1
"2613",3,620,2,2
"2614",2,1500,2.25,1
"2620",4,700,1,1
"2624",11,3100,4,1
"2628",9,2000,3,1
"2629",11,2300,2,1
"2630",7,1800,4,1
"2631",4,600,2.75,2
"2634",7,3000,3,1
"2636",7,0,4,8
"2638",3,2000,2.25,1
"2640",7,2500,4,1
"2642",11,4000,4,1
"2643",4,1200,3,1
"2644",10,1600,4,2
"2646",9,1000,1,1
"2647",10,2000,4,1
"2649",8,2900,4,1
"2650",7,1800,3,1
"2651",6,1000,4,1
"2652",11,5000,4,1
"2654",4,950,2,1
"2655",6,200,3,2
"2660",3,0,2,8
"2663",2,500,2.5,1
"2664",4,0,4,7
"2665",4,1000,4,1
"2666",6,2000,4,1
"2668",12,1100,4,2
"2669",9,1600,4,1
"2673",2,0,1.75,8
"2674",3,0,2,9
"2677",4,0,3,4
"2682",11,0,4,8
"2685",10,1500,4,1
"2686",7,2000,2.5,1
"2688",4,0,1.5,8
"2691",11,2500,2.75,1
"2696",9,1500,3,1
"2697",7,5000,2,1
"2698",3,1000,1,1
"2709",6,0,2.75,3
"2710",4,0,1,8
"2716",5,4000,3,1
"2717",3,600,1.5,1
"2718",4,1300,3,1
"2720",4,0,3.5,8
"2721",9,3600,3.75,1
"2726",4,0,3.5,3
"2728",8,5100,4,1
"2737",8,0,3,8
"2740",9,0,2.25,8
"2745",3,600,1,1
"2747",4,0,2.75,8
"2751",3,0,1.25,8
"2754",10,1500,2,1
"2755",5,692,2,1
"2756",11,8000,4,1
"2757",4,5000,4,1
"2759",10,3200,3.25,1
"2760",4,1000,3,1
"2761",7,2500,2.75,1
"2762",2,800,1,1
"2766",2,900,1.25,1
"2767",7,1650,4,1
"2769",9,1000,1,2
"2770",10,4000,4,1
"2772",8,1240,4,1
"2774",2,608,2,1
"2776",3,0,2,6
"2777",11,8000,4,1
"2782",10,1200,3,1
"2784",11,4000,4,1
"2785",10,2020,4,1
"2786",10,3200,4,1
"2787",11,6000,3,1
"2788",8,2000,1.75,1
"2791",10,0,2.75,8
"2792",2,0,1,7
"2793",2,2000,2,1
"2794",2,0,1.5,7
"2795",2,0,1,8
"2796",2,0,1.5,7
"2797",3,2500,2,1
"2798",7,5200,3,1
"2799",2,0,1,8
"2800",2,0,2,8
"2801",9,6000,2,1
"2802",2,0,1.75,3
"2803",2,0,1,8
"2804",2,0,1,8
"2805",9,4000,3,1
"2806",2,0,2,8
"2807",2,0,1.5,3
"2808",2,0,1,7
"2809",4,0,2,8
"2810",9,0,2,8
"2811",2,0,1.25,7
"2812",10,0,2,6
"2814",4,0,3,4
"2815",3,0,2.25,4
"2816",2,0,1,7
"2817",7,0,3,3
"2818",9,3000,3,1
"2819",2,0,1,8
"2820",4,5000,3,1
"2821",2,0,1,6
"2822",4,0,4,8
"2823",2,0,1.75,7
"2824",2,0,1.5,7
"2825",2,0,1,7
"2826",4,2500,3,1
"2827",2,0,1,7
"2829",2,0,1,8
"2830",8,7000,3,1
"2831",3,6500,3,1
"2832",2,0,1.25,7
"2833",4,0,2,7
"2834",2,0,2,4
"2835",2,0,2,8
"2836",2,0,2,7
"2837",10,0,4,3
"2838",2,0,2,8
"2840",2,0,2,8
"2841",2,0,1,8
"2842",2,0,1.5,7
"2843",2,0,1,8
"2844",2,0,1.25,8
"2845",4,0,1,7
"2846",5,2500,4,1
"2847",2,0,2,6
"2848",4,0,2,8
"2849",10,0,2.5,7
"2850",2,3000,2,1
"2851",7,6000,3,1
"2853",2,0,1.25,8
"2854",9,2200,2,1
"2855",2,0,2,8
"2856",2,0,1,7
"2857",2,0,2,8
"2858",2,0,2,6
"2859",2,0,1,7
"2861",3,0,1.75,8
"2862",2,6500,2,1
"2866",2,0,1,7
"2868",10,200,4,2
"2874",9,3900,3,1
"2875",9,2500,3.75,1
"2878",10,0,3,3
"2880",5,0,4,7
"2882",9,1200,2.5,1
"2883",10,2200,4,2
"2884",6,1200,3,1
"2892",7,5000,4,1
"2893",10,1000,3,1
"2895",3,1100,3,1
"2896",1,0,1,4
"2897",9,0,4,3
"2899",1,0,1.5,4
"2900",1,0,1,4
"2902",2,0,1.5,4
"2903",2,0,1.75,4
"2904",2,0,1.5,8
"2905",2,0,1,8
"2906",2,0,1,4
"2907",1,0,1.25,4
"2908",2,0,2,8
"2910",10,3000,4,1
"2913",5,2500,1,2
"2918",6,5833,4,1
"2920",10,976,4,1
"2923",10,0,3.5,8
"2931",5,1000,4,1
"2932",10,4000,4,1
"2934",9,4000,4,2
"2940",12,15000,4,2
"2941",4,600,2,1
"2942",4,0,4,6
"2944",10,3000,4,1
"2945",10,3000,4,2
"2946",10,2800,4,1
"2949",9,3800,3,1
"2953",2,900,2,1
"2955",9,2500,3,1
"2956",3,1000,4,1
"2959",2,575,2,1
"2960",3,1000,3,1
"2962",7,2500,4,2
"2963",4,0,2,3
"2964",6,0,2.25,3
"2965",7,2400,1.75,1
"2969",2,640,1.5,1
"2971",1,0,2,4
"2973",3,800,2,1
"2977",9,600,4,1
"2979",4,900,2.25,1
"2982",3,800,2.75,1
"2985",8,0,3,8
"2986",3,1200,3,1
"2987",3,0,2,8
"2988",3,0,1.5,3
"2989",4,3200,3,1
"2990",3,1500,2,2
"2991",9,2400,3,1
"2993",2,1200,2,1
"2997",4,1500,3,2
"3000",2,0,1.5,4
"3001",11,5000,3.75,1
"3002",2,0,1,6
"3003",2,0,1.5,4
"3004",2,0,3,8
"3005",10,3800,3,1
"3009",2,0,2,6
"3012",10,0,2,8
"3013",10,0,3.75,4
"3014",10,550,4,1
"3015",5,6000,2.25,1
"3017",4,2900,3,1
"3018",11,0,3,3
"3019",2,0,1.25,3
"3020",10,20000,4,1
"3021",2,1200,2,1
"3024",2,0,2,8
"3025",2,800,2,2
"3026",3,2000,2,1
"3031",2,0,1.5,4
"3033",4,0,2.5,7
"3034",2,1020,1.5,2
"3035",4,0,4,7
"3037",2,0,2,7
"3038",2,0,1,7
"3039",2,0,1,8
"3040",1,0,1,8
"3041",1,0,1,7
"3042",1,0,1,7
"3043",9,3000,3,2
"3044",2,0,2,4
"3045",1,0,1,8
"3046",2,0,2.25,7
"3047",2,0,1.75,7
"3049",2,0,1,7
"3050",2,0,1,4
"3051",2,0,1,7
"3052",1,0,1,7
"3053",2,0,1,7
"3054",2,0,1,7
"3055",7,0,2,3
"3056",2,0,1,6
"3057",2,0,1,7
"3058",2,1800,2.5,1
"3059",2,0,1.25,7
"3060",2,0,1,7
"3061",2,0,1.5,7
"3062",2,0,1,7
"3063",1,0,1,8
"3064",4,0,4,3
"3065",2,0,1,7
"3066",2,0,1,7
"3067",1,0,1,8
"3068",2,1200,2,1
"3069",2,0,1,8
"3070",2,0,1,7
"3071",2,0,1.5,7
"3072",2,1000,2.5,2
"3077",2,1400,2.75,1
"3079",7,2000,2,1
"3080",3,1050,4,1
"3081",4,1000,4,1
"3082",3,0,4,6
"3084",4,500,3,2
"3087",3,0,4,8
"3088",4,0,2.75,3
"3090",10,20000,4,1
"3093",10,1700,4,1
"3095",8,1500,4,2
"3097",7,850,4,1
"3100",11,2000,4,1
"3101",10,0,4,9
"3108",4,1005,3,1
"3109",10,2200,3.5,1
"3112",10,2500,3,1
"3114",10,5000,4,1
"3115",9,1500,4,1
"3116",10,1640,4,1
"3117",10,5000,3,1
"3118",10,3000,3.75,1
"3122",10,0,3,4
"3125",3,1500,2,1
"3127",8,3000,4,1
"3128",10,1200,2.75,1
"3130",10,1100,3.5,1
"3131",10,4500,3.75,1
"3132",10,2500,4,1
"3133",10,0,4,4
"3138",10,700,4,2
"3139",6,3000,3.25,1
"3144",9,2000,4,1
"3145",2,4000,3,2
"3147",3,5200,4,1
"3151",3,1400,4,1
"3153",4,2000,3,1
"3155",10,4000,4,1
"3158",10,7000,4,1
"3163",6,1200,4,1
"3167",10,4000,4,1
"3168",2,0,1,7
"3170",9,1600,3,2
"3176",9,3800,4,1
"3177",12,8300,4,1
"3178",7,1000,4,2
"3179",10,7000,4,1
"3181",5,1500,3.25,1
"3182",2,0,1.25,8
"3184",2,0,1.5,7
"3186",6,1600,4,1
"3187",10,3000,4,1
"3189",4,1000,3,1
"3193",9,5000,2,1
"3197",9,3000,4,1
"3198",4,840,4,1
"3201",2,0,1,8
"3203",4,5500,3.5,1
"3204",10,2900,4,1
"3215",3,0,3,8
"3216",10,6000,4,1
"3224",8,400,4,2
"3229",9,3000,4,1
"3232",2,0,2,6
"3235",10,0,4,6
"3236",9,1800,4,1
"3237",4,0,4,9
"3239",4,1500,3,1
"3242",5,1500,3,1
"3252",10,0,3,6
"3253",10,1200,4,1
"3256",10,4600,4,1
"3257",10,4400,4,1
"3259",2,0,2,7
"3261",4,0,4,7
"3262",2,1800,2.5,1
"3264",4,0,4,8
"3268",8,650,3.75,1
"3270",10,3000,4,1
"3271",4,4000,4,1
"3274",4,1200,2,1
"3276",10,3500,3.75,1
"3277",10,2700,4,1
"3281",10,6000,4,1
"3285",9,3900,4,1
"3286",9,4000,4,1
"3287",8,3200,4,1
"3288",10,2700,4,1
"3290",10,3600,4,1
"3293",4,0,4,7
"3296",9,0,3,6
"3300",9,1900,4,1
"3303",8,0,4,6
"3305",4,1000,4,1
"3306",9,2400,4,1
"3309",2,0,1,7
"3310",10,8300,4,1
"3314",5,4000,3,1
"3317",4,10000,4,1
"3318",12,8000,4,1
"3322",12,0,3,8
"3324",10,4000,4,1
"3328",7,0,4,8
"3332",4,2000,3.75,1
"3334",4,1600,1.25,1
"3335",9,12000,4,1
"3337",11,6500,4,1
"3347",9,4000,4,1
"3348",10,7000,3,1
"3354",7,1800,3,1
"3360",5,2000,3,1
"3361",11,2000,3,1
"3366",4,600,2,1
"3368",3,2200,4,1
"3369",9,2000,3,1
"3372",6,1600,4,1
"3373",5,2000,2,1
"3378",7,2200,3,1
"3379",2,0,1.25,3
"3380",8,1200,3,1
"3382",4,0,1.5,8
"3384",4,0,2,3
"3385",6,1200,3,1
"3391",12,2600,2.75,1
"3394",9,3200,3,1
"3395",4,750,1.75,1
"3399",4,2000,2.25,1
"3400",7,0,4,7
"3406",9,0,2.5,8
"3407",10,0,2.5,8
"3409",2,750,1,1
"3411",3,1000,2,1
"3418",7,1200,2,1
"3419",10,1300,2.75,1
"3421",3,5000,4,1
"3422",10,1112,3.75,1
"3425",7,1500,3,1
"3429",3,2800,3,1
"3433",10,1800,3,1
"3440",9,2400,3,1
"3441",4,300,2.5,2
"3444",4,2000,3,1
"3445",4,1500,2,1
"3448",8,2000,4,1
"3452",4,920,2.25,1
"3457",5,1000,3,1
"3458",8,4000,2.75,1
"3460",7,0,4,8
"3462",7,3000,4,1
"3463",10,0,2.75,3
"3467",7,1600,3,1
"3469",7,1500,2,1
"3470",4,0,2,6
"3472",6,1400,3,1
"3474",9,0,1.75,7
"3475",4,1200,2,1
"3477",11,3000,4,1
"3478",12,2000,3,2
"3479",10,1000,2.25,1
"3489",9,1200,3,1
"3491",6,1200,3,1
"3498",9,1200,4,1
"3499",4,0,2,8
"3501",10,0,2.75,6
"3504",5,600,1.25,1
"3507",2,0,4,7
"3512",4,1200,2,1
"3513",4,800,1,1
"3515",3,700,2,2
"3517",4,0,2.75,6
"3518",9,5000,4,1
"3520",8,700,2.75,2
"3521",11,500,3.25,1
"3536",9,1600,4,1
"3546",9,900,2.75,1
"3570",9,0,4,8
"3573",2,1200,2,2
"3574",4,1400,4,1
"3577",4,1650,4,1
"3585",4,0,4,8
"3586",3,1400,1.75,1
"3589",5,600,4,2
"3597",4,2400,4,1
"3598",10,4333,4,1
"3602",7,1000,3,1
"3603",8,2500,3,1
"3612",3,2720,3,1
"3613",3,500,1.5,2
"3617",11,3000,3,1
"3622",10,0,4,3
"3631",6,0,2,8
"3633",4,0,2,8
"3646",4,600,1.75,1
"3659",6,0,3,8
"3669",9,3200,3,1
"3680",4,0,2.75,8
"3682",12,0,4,6
"3692",6,2230,4,1
"3693",6,3000,4,1
"3696",2,0,1,8
"3698",4,1000,4,1
"3699",7,0,3,3
"3701",6,1600,2,1
"3703",4,1000,4,1
"3706",10,1400,4,1
"3707",9,0,2,3
"3708",10,2050,3.75,1
"3709",2,750,1,1
"3711",3,1600,2.75,1
"3713",3,500,2.25,2
"3714",2,1200,3,1
"3716",4,1000,3.5,1
"3718",4,850,2.25,1
"3720",7,0,4,8
"3721",2,500,4,2
"3734",7,4000,4,1
"3739",9,1100,4,1
"3740",4,900,2,1
"3742",6,2500,2.5,1
"3743",3,0,4,3
"3746",5,0,2,8
"3748",4,0,1.75,3
"3754",7,1300,3,1
"3755",4,2000,3.75,1
"3756",10,2400,4,1
"3759",8,1400,3,1
"3760",6,0,3,3
"3763",4,0,2,8
"3768",5,800,3,1
"3776",7,600,2,1
"3780",4,0,1.5,3
"3783",4,800,4,1
"3792",3,800,2,1
"3794",9,2000,3.75,1
"3798",4,2500,1.75,1
"3799",9,880,4,1
"3806",4,900,3,1
"3812",8,0,2,8
"3822",4,1200,1.5,1
"3825",2,0,1.75,8
"3832",2,0,1.75,3
"3835",10,0,3,8
"3839",4,600,1.5,2
"3844",5,2000,2,1
"3846",6,0,2,8
"3850",4,1800,3.5,1
"3851",4,0,4,8
"3852",7,1200,2,1
"3853",4,3000,4,1
"3857",4,800,2.25,1
"3862",3,600,1.5,1
"3864",4,1600,2.25,1
"3865",9,4000,4,1
"3869",8,0,3,3
"3872",10,0,2,8
"3873",10,0,2,8
"3875",10,1200,3,1
"3876",8,1500,3,1
"3880",4,3800,4,1
"3885",3,0,2,3
"3889",4,2200,3,1
"3890",5,0,4,3
"3892",7,1833,3.25,1
"3894",4,600,4,1
"3895",3,500,4,2
"3896",7,550,1.75,1
"3912",3,1150,2,2
"3914",4,1000,3,1
"3916",12,1700,4,1
"3917",3,800,2,2
"3919",9,4000,4,1
"3923",11,2500,4,1
"3932",6,1450,3.25,1
"3935",4,1000,2,1
"3937",8,0,3,3
"3939",7,4000,4,1
"3944",12,4000,4,1
"3946",6,1300,3.25,1
"3949",8,1200,4,1
"3952",4,0,3,8
"3955",10,5000,4,1
"3957",3,0,4,7
"3962",11,0,4,6
"3963",8,500,3,1
"3964",4,0,2.5,7
"3973",4,0,4,8
"3974",4,1000,1.75,2
"3978",5,4000,3,1
"3979",4,2500,2.25,1
"3983",5,1000,2.5,2
"3987",5,1600,4,1
"3990",3,0,1.5,8
"3992",7,0,2,3
"3993",4,1600,3,1
"3994",10,1200,4,2
"3998",4,600,4,1
"3999",3,0,2,7
"4001",4,0,1.5,8
"4004",9,1300,3.25,1
"4007",6,0,2,8
"4008",3,0,1.75,4
"4015",2,0,3,7
"4017",11,2900,4,1
"4018",7,1032,2.75,1
"4019",4,0,2.5,3
"4026",3,240,2.5,2
"4027",7,4500,4,1
"4029",11,1500,3,1
"4041",3,0,1.75,5
"4045",10,2400,4,1
"4048",8,4000,4,1
"4050",9,900,2.25,1
"4051",3,0,2.5,3
"4052",10,6916,4,2
"4053",3,0,1.5,3
"4063",7,800,2,1
"4067",3,0,4,3
"4068",8,750,2,1
"4069",4,2500,2.5,2
"4071",9,1500,3,1
"4077",9,0,4,6
"4078",7,3000,4,1
"4080",7,3000,4,1
"4081",5,0,1.75,6
"4086",3,680,1.75,1
"4088",9,0,3,8
"4090",4,500,3,1
"4093",4,700,4,1
"4095",4,786,2.75,1
"4097",3,500,3,1
"4099",4,1000,1.5,1
"4100",3,0,2,8
"4101",12,3000,4,1
"4105",4,1500,2.75,1
"4110",4,1000,2.5,1
"4116",8,1050,2.75,1
"4120",10,0,2,3
"4123",7,2700,3,1
"4125",6,0,2,8
"4128",9,0,4,7
"4131",11,800,2,2
"4134",4,1500,3,1
"4138",12,2000,2.25,2
"4139",4,200,3.25,2
"4140",7,1750,4,1
"4146",4,0,2,8
"4147",4,1200,1.25,2
"4151",2,800,2,1
"4157",9,2000,3,1
"4158",7,0,2.75,7
"4159",5,4000,4,1
"4160",3,1300,2,1
"4163",7,1000,4,1
"4166",11,1600,3,1
"4167",3,0,2,8
"4168",4,0,1.5,8
"4169",2,0,2.5,8
"4170",9,0,3,8
"4171",4,250,2,2
"4175",2,1000,4,1
"4177",8,0,2.75,5
"4179",2,0,2,6
"4180",10,8000,4,1
"4181",9,0,4,8
"4183",4,3200,4,1
"4184",2,0,1.5,8
"4185",3,1700,2.75,1
"4187",4,0,2.75,8
"4188",4,5000,3,1
"4191",7,2400,4,1
"4193",3,0,2.75,8
"4197",2,0,1,7
"4201",10,0,3,8
"4207",2,0,1,6
"4209",8,2100,4,2
"4210",10,0,4,4
"4211",2,0,2,8
"4214",8,0,3.5,8
"4222",2,0,2.5,3
"4224",2,0,2,7
"4227",6,3800,4,1
"4229",9,3300,4,1
"4232",3,0,3,8
"4233",3,900,2.5,1
"4234",2,2000,2.5,1
"4238",10,0,3.5,3
"4241",11,3300,4,1
"4243",1,0,1.75,4
"4247",2,600,2.25,2
"4248",2,0,3,8
"4256",2,0,1.5,8
"4257",4,2100,2.75,1
"4258",8,2000,3,1
"4259",3,700,1.5,2
"4260",8,1600,2.5,1
"4261",4,1400,2,2
"4262",2,0,1.25,8
"4263",1,0,2,4
"4264",7,2800,3,1
"4269",2,0,1,7
"4272",4,800,2,1
"4273",4,4000,3,1
"4274",2,0,1.5,7
"4281",4,2000,4,1
"4282",2,0,2,7
"4283",4,850,2.5,1
"4284",2,0,2,7
"4289",2,0,1.25,4
"4292",4,2000,1.75,1
"4295",4,2000,3,1
"4298",3,0,3,4
"4299",7,3500,3.5,1
"4300",4,2000,4,1
"4302",9,1900,4,1
"4305",2,0,1.5,8
"4306",4,3300,3.5,1
"4308",3,1500,2.5,1
"4314",2,0,1,4
"4317",2,0,1.5,4
"4318",2,0,1,7
"4320",4,600,2.75,2
"4323",3,0,2,3
"4324",4,1400,3,1
"4325",2,0,1,7
"4326",3,0,3,4
"4327",2,0,1,8
"4329",2,0,1,7
"4334",4,0,3,4
"4340",2,0,2,7
"4341",4,1500,2,1
"4343",9,720,2.75,1
"4345",2,0,1,7
"4347",6,0,3,5
"4350",2,0,1,7
"4352",3,0,1,4
"4354",2,0,1.75,4
"4356",2,800,1.5,1
"4365",2,575,2.25,1
"4368",2,600,1.5,2
"4370",2,2500,2,1
"4371",9,0,2,7
"4373",1,0,2,8
"4374",3,0,2.25,8
"4377",10,0,2.5,8
"4378",4,1100,2,2
"4380",2,0,2.5,8
"4381",9,0,3,7
"4387",3,902,2.5,1
"4388",2,0,1.75,8
"4391",2,0,4,8
"4393",4,1300,4,1
"4394",2,0,1.25,8
"4395",3,0,2,7
"4400",3,7000,3,1
"4401",2,0,1,7
"4404",2,0,1.5,7
"4405",2,0,2,8
"4406",1,0,1.5,8
"4407",4,300,2,2
"4409",1,0,1,8
"4411",2,1100,2.5,1
"4416",2,0,1,8
"4418",3,280,2,2
"4420",2,0,2,7
"4425",4,800,4,1
"4426",2,1000,2,2
"4427",2,1000,2,2
"4429",10,5000,4,1
"4431",2,1500,2.25,1
"4432",4,440,1.5,2
"4433",2,0,1.5,8
"4436",1,0,1.5,8
"4441",2,0,1,6
"4442",2,500,2,2
"4446",2,2000,3,1
"4450",4,0,2,8
"4452",8,0,3,3
"4453",10,7000,3.5,1
"4456",2,0,2,8
"4459",3,3500,3,1
"4461",2,0,2.25,8
"4465",9,2500,3,2
"4467",4,0,3,8
"4468",2,0,2,3
"4470",4,0,2.5,8
"4471",4,0,2.75,8
"4474",4,100,1.75,2
"4477",2,0,1,7
"4481",2,0,1,6
"4483",4,0,3,6
"4484",2,0,1,7
"4490",2,1200,2.25,1
"4491",2,640,2,1
"4492",2,0,1,7
"4493",2,0,1,7
"4495",8,0,3,3
"4496",2,0,1,4
"4498",4,8000,2,1
"4499",2,0,2,7
"4500",2,0,1.5,7
"4503",2,0,1,7
"4504",2,600,1.5,1
"4505",9,2700,4,1
"4507",9,6000,2,1
"4511",4,2600,3.25,1
"4517",2,0,2.5,8
"4519",2,0,2,8
"4520",5,0,2.75,4
"4521",2,0,1.25,4
"4522",9,3000,4,1
"4523",4,1400,4,1
"4527",4,1300,2.5,2
"4530",9,2000,3,1
"4532",4,650,3.5,2
"4537",2,0,2,3
"4542",2,0,1.5,8
"4545",2,0,2,8
"4547",2,1500,2,1
"4551",2,0,1,6
"4554",2,1300,1.75,2
"4555",3,0,2.75,8
"4556",2,0,1.25,8
"4558",2,1800,1.75,1
"4559",2,0,1,8
"4560",4,5000,3,1
"4571",2,0,2,8
"4578",3,1000,3,1
"4579",2,0,1.75,8
"4581",4,650,3.5,2
"4585",9,2000,2.5,1
"4596",2,0,2,8
"4598",9,0,2,5
"4599",10,900,3,1
"4601",3,2500,2,1
"4607",2,400,1.25,1
"4608",8,3000,4,1
"4610",4,4200,2.5,1
"4611",10,1600,4,1
"4613",9,2500,3,1
"4614",2,192,1,2
"4617",1,0,1,4
"4618",2,0,2,7
"4620",6,0,1,8
"4621",9,5000,3,2
"4623",7,1000,3.5,1
"4627",3,1200,4,1
"4629",2,0,1,7
"4631",8,0,2,7
"4634",4,0,2,4
"4636",4,4000,3.5,1
"4643",10,2250,4,2
"4644",3,0,2,4
"4653",2,0,1,6
"4656",2,0,2,8
"4659",2,0,1,8
"4663",8,4200,4,1
"4665",10,6000,4,1
"4666",2,1100,1.25,1
"4667",5,4500,3.25,1
"4669",10,1000,3,2
"4673",6,0,1,8
"4676",3,0,2,7
"4678",2,0,1.5,3
"4683",2,0,1,8
"4685",9,0,4,6
"4688",8,1300,4,1
"4689",6,0,3,8
"4692",4,1800,2,1
"4694",10,0,3,3
"4700",2,0,1.5,7
"4702",9,4500,3,1
"4704",2,0,1.25,8
"4707",2,0,2,4
"4708",2,0,1.5,7
"4710",9,0,2,4
"4711",2,0,2,7
"4714",2,0,1.5,8
"4716",2,700,1,2
"4717",2,0,1,7
"4718",10,2000,3.75,1
"4720",2,0,2,8
"4721",4,3800,3,1
"4722",9,3000,3,1
"4723",3,1400,2.5,1
"4726",2,0,1.5,8
"4727",2,400,1.5,2
"4728",4,0,2.25,7
"4729",3,0,2,8
"4732",2,800,3,1
"4733",2,400,1,2
"4734",2,500,1.5,2
"4735",10,3300,4,1
"4738",6,0,3,8
"4743",4,1200,2,1
"4744",2,1100,2.5,2
"4747",2,1200,1.75,1
"4751",6,1440,3.5,1
"4753",3,0,2.5,6
"4754",4,0,3,8
"4755",5,0,2,8
"4757",4,2400,2.5,1
"4759",3,0,2,8
"4761",10,3500,4,1
"4764",2,0,1.25,8
"4768",9,1300,3,1
"4770",2,900,1.5,1
"4772",4,3000,2.5,1
"4777",4,0,3.75,3
"4780",11,6500,4,1
"4782",2,0,1.75,8
"4785",9,2000,3,1
"4788",4,4500,2.5,1
"4792",4,3000,3.5,1
"4794",2,0,1,8
"4795",2,0,2,8
"4798",10,5500,4,1
"4799",2,0,1.5,7
"4800",1,0,1.5,4
"4804",2,850,2,1
"4809",10,4000,4,2
"4815",3,0,3,8
"4816",7,600,4,2
"4819",2,0,1,6
"4820",2,0,2,8
"4821",2,400,2,2
"4824",9,1600,4,1
"4825",10,800,3.75,1
"4826",2,1750,2,1
"4838",9,5000,4,1
"4849",10,6000,4,1
"4853",2,0,1.5,7
"4858",2,0,2.75,3
"4861",2,0,1.75,3
"4864",2,0,1,8
"4865",4,1000,3,1
"4866",2,0,1,8
"4869",4,2000,2.5,1
"4870",4,0,1.5,8
"4876",10,1000,4,1
"4878",2,0,2,7
"4879",8,0,1.5,7
"4880",3,1200,2.25,1
"4881",4,0,2,7
"4884",10,3000,3,1
"4891",2,0,1.75,7
"4892",7,3000,2.5,1
"4895",9,2200,3.75,1
"4899",3,0,1.5,8
"4900",2,1000,3,1
"4907",2,0,1.5,7
"4910",2,0,1,8
"4911",3,2000,3,1
"4913",10,0,1.5,7
"4914",2,0,1.5,7
"4918",4,4200,3,1
"4922",2,0,1.25,4
"4923",2,0,1,7
"4925",8,2500,4,1
"4926",2,0,1.5,3
"4928",11,3000,2.25,1
"4931",6,2200,4,1
"4933",4,1000,3,2
"4936",1,0,1,7
"4943",9,1600,4,1
"4945",2,0,1.5,7
"4947",2,0,1.5,8
"4948",11,4000,3.25,1
"4950",3,1400,2.5,1
"4952",2,0,1.5,7
"4964",2,2000,2.75,1
"4971",9,3000,4,1
"4976",2,0,1,7
"4977",11,2680,4,1
"4978",4,2500,2.5,1
"4980",4,2500,3,1
"4984",2,0,1.75,3
"4986",4,600,1.75,2
"4987",3,0,3.75,4
"4988",10,2200,4,1
"4989",4,800,2.25,2
"4990",5,0,3.25,3
"4994",2,0,1.75,6
"4995",2,0,2,4
"4998",11,1900,3,1
"5003",4,2400,4,1
"5004",4,0,4,6
"5005",4,2800,3.75,1
"5009",9,4000,3,1
"5011",4,1216,2.75,1
"5012",8,2200,4,1
"5015",2,0,2,8
"5017",9,2000,4,1
"5018",2,800,1.5,1
"5019",2,800,1,1
"5021",3,0,2,8
"5026",11,0,3.25,6
"5027",4,3869,3,1
"5029",2,0,1.25,8
"5032",2,0,1,8
"5033",2,0,1.75,7
"5034",2,0,1.5,8
"5035",3,0,2,8
"5036",2,0,1,7
"5037",2,0,2.75,8
"5048",3,0,3,3
"5050",10,2500,2.75,1
"5053",2,0,2,3
"5054",2,0,1,7
"5055",8,1500,4,2
"5058",4,0,2,8
"5063",3,800,3,1
"5065",2,0,2,7
"5066",2,0,1.25,6
"5072",1,0,1,4
"5074",4,2550,2,2
"5076",10,4000,4,1
"5079",9,0,1,7
"5083",2,0,1.5,4
"5084",4,0,1.5,7
"5090",2,0,1.5,8
"5094",10,3200,3,1
"5095",2,2083,4,1
"5097",5,1800,4,1
"5098",2,0,2.75,6
"5102",2,0,1.5,7
"5110",2,0,1.75,3
"5111",2,0,1,7
"5114",9,700,3,2
"5121",8,0,4,8
"5131",3,1000,4,1
"5139",3,0,4,9
"5143",2,1600,2,1
"5148",9,3500,4,1
"5150",9,1400,4,1
"5153",4,1600,4,1
"5154",9,1450,4,1
"5156",5,1600,4,1
"5163",9,1280,4,1
"5169",9,800,3.25,1
"5171",8,2500,4,1
"5177",7,2000,4,1
"5180",10,2700,4,1
"5188",9,3000,4,2
"5191",4,0,4,8
"5196",3,800,2.75,1
"5227",7,2200,4,1
"5230",3,14000,2.5,1
"5242",2,600,1.5,1
"5253",10,0,3,6
"5254",3,1400,2.25,1
"5259",10,3500,3,1
"5260",7,2000,2,1
"5261",7,1000,2,1
